area,reg,eta,guariti_senza_somm,guariti_post_somm
ABR,Abruzzo,05-11,22292,0
ABR,Abruzzo,12-19,7244,16458
ABR,Abruzzo,20-29,3506,21542
ABR,Abruzzo,30-39,5525,23412
ABR,Abruzzo,40-49,7204,26927
ABR,Abruzzo,50-59,5809,22279
ABR,Abruzzo,60-69,2735,14126
ABR,Abruzzo,70-79,1227,8628
ABR,Abruzzo,80+,873,2822
BAS,Basilicata,05-11,7045,0
BAS,Basilicata,12-19,2443,7249
BAS,Basilicata,20-29,1071,8240
BAS,Basilicata,30-39,1863,8876
BAS,Basilicata,40-49,2166,9942
BAS,Basilicata,50-59,1616,8231
BAS,Basilicata,60-69,861,5895
BAS,Basilicata,70-79,411,2895
BAS,Basilicata,80+,236,788
CAL,Calabria,05-11,22322,1
CAL,Calabria,12-19,11261,21850
CAL,Calabria,20-29,5989,25740
CAL,Calabria,30-39,8589,28955
CAL,Calabria,40-49,8790,29728
CAL,Calabria,50-59,6567,24413
CAL,Calabria,60-69,3869,15764
CAL,Calabria,70-79,2027,7861
CAL,Calabria,80+,1069,2551
CAM,Campania,05-11,94458,68
CAM,Campania,12-19,41266,69560
CAM,Campania,20-29,22086,98685
CAM,Campania,30-39,30692,101204
CAM,Campania,40-49,31377,102543
CAM,Campania,50-59,24299,81765
CAM,Campania,60-69,14339,62135
CAM,Campania,70-79,7535,35562
CAM,Campania,80+,4558,9888
EMR,Emilia-Romagna,05-11,74011,4
EMR,Emilia-Romagna,12-19,28929,51831
EMR,Emilia-Romagna,20-29,17137,83553
EMR,Emilia-Romagna,30-39,25335,87610
EMR,Emilia-Romagna,40-49,35822,103779
EMR,Emilia-Romagna,50-59,31904,84207
EMR,Emilia-Romagna,60-69,13891,45285
EMR,Emilia-Romagna,70-79,5245,30890
EMR,Emilia-Romagna,80+,2647,11503
FVG,Friuli-Venezia Giulia,05-11,17800,1
FVG,Friuli-Venezia Giulia,12-19,10981,10102
FVG,Friuli-Venezia Giulia,20-29,6346,14022
FVG,Friuli-Venezia Giulia,30-39,9098,14858
FVG,Friuli-Venezia Giulia,40-49,14302,15938
FVG,Friuli-Venezia Giulia,50-59,14968,13636
FVG,Friuli-Venezia Giulia,60-69,6517,8279
FVG,Friuli-Venezia Giulia,70-79,2930,6135
FVG,Friuli-Venezia Giulia,80+,1697,1748
LAZ,Lazio,05-11,90999,1
LAZ,Lazio,12-19,35976,67278
LAZ,Lazio,20-29,19381,82134
LAZ,Lazio,30-39,28049,93650
LAZ,Lazio,40-49,36287,105487
LAZ,Lazio,50-59,30793,85167
LAZ,Lazio,60-69,13891,45686
LAZ,Lazio,70-79,5706,21211
LAZ,Lazio,80+,2717,6930
LIG,Liguria,05-11,18657,0
LIG,Liguria,12-19,11036,15025
LIG,Liguria,20-29,5902,18309
LIG,Liguria,30-39,8527,19654
LIG,Liguria,40-49,12162,23963
LIG,Liguria,50-59,12623,22362
LIG,Liguria,60-69,5895,14191
LIG,Liguria,70-79,2377,7404
LIG,Liguria,80+,1197,3048
LOM,Lombardia,05-11,140870,0
LOM,Lombardia,12-19,43781,89065
LOM,Lombardia,20-29,26418,121802
LOM,Lombardia,30-39,40699,140390
LOM,Lombardia,40-49,54968,158288
LOM,Lombardia,50-59,50693,129484
LOM,Lombardia,60-69,23558,74106
LOM,Lombardia,70-79,9667,52105
LOM,Lombardia,80+,4975,16369
MAR,Marche,05-11,32293,0
MAR,Marche,12-19,13361,19598
MAR,Marche,20-29,6336,24457
MAR,Marche,30-39,9979,25824
MAR,Marche,40-49,14758,29502
MAR,Marche,50-59,11957,23842
MAR,Marche,60-69,5432,16589
MAR,Marche,70-79,2175,10880
MAR,Marche,80+,1349,5808
MOL,Molise,05-11,3375,15
MOL,Molise,12-19,897,3079
MOL,Molise,20-29,493,4022
MOL,Molise,30-39,824,4259
MOL,Molise,40-49,999,4438
MOL,Molise,50-59,731,3481
MOL,Molise,60-69,398,2293
MOL,Molise,70-79,210,1440
MOL,Molise,80+,114,360
PAB,P.A. Bolzano,05-11,15409,0
PAB,P.A. Bolzano,12-19,7199,7714
PAB,P.A. Bolzano,20-29,6080,8705
PAB,P.A. Bolzano,30-39,6615,9632
PAB,P.A. Bolzano,40-49,7177,9450
PAB,P.A. Bolzano,50-59,6990,7649
PAB,P.A. Bolzano,60-69,3060,3592
PAB,P.A. Bolzano,70-79,1029,2245
PAB,P.A. Bolzano,80+,563,823
PAT,P.A. Trento,05-11,7851,0
PAT,P.A. Trento,12-19,4774,5122
PAT,P.A. Trento,20-29,3115,8547
PAT,P.A. Trento,30-39,4173,8146
PAT,P.A. Trento,40-49,5661,8283
PAT,P.A. Trento,50-59,5702,6475
PAT,P.A. Trento,60-69,2470,3613
PAT,P.A. Trento,70-79,854,2346
PAT,P.A. Trento,80+,389,731
PIE,Piemonte,05-11,58652,4
PIE,Piemonte,12-19,26482,34223
PIE,Piemonte,20-29,15771,53710
PIE,Piemonte,30-39,24589,57245
PIE,Piemonte,40-49,33851,63928
PIE,Piemonte,50-59,31050,56930
PIE,Piemonte,60-69,15686,35401
PIE,Piemonte,70-79,6811,25944
PIE,Piemonte,80+,3170,10061
PUG,Puglia,05-11,48037,8
PUG,Puglia,12-19,16644,46792
PUG,Puglia,20-29,8058,54365
PUG,Puglia,30-39,12730,58840
PUG,Puglia,40-49,15978,64854
PUG,Puglia,50-59,11395,50246
PUG,Puglia,60-69,5851,35471
PUG,Puglia,70-79,2838,22297
PUG,Puglia,80+,1571,5458
SAR,Sardegna,05-11,18527,0
SAR,Sardegna,12-19,6125,18447
SAR,Sardegna,20-29,3081,19982
SAR,Sardegna,30-39,5716,24451
SAR,Sardegna,40-49,8835,28707
SAR,Sardegna,50-59,7561,22229
SAR,Sardegna,60-69,3654,14622
SAR,Sardegna,70-79,1594,8010
SAR,Sardegna,80+,922,2862
SIC,Sicilia,05-11,69591,0
SIC,Sicilia,12-19,35342,56725
SIC,Sicilia,20-29,18509,74024
SIC,Sicilia,30-39,27434,82224
SIC,Sicilia,40-49,28678,87083
SIC,Sicilia,50-59,21610,74247
SIC,Sicilia,60-69,13546,47161
SIC,Sicilia,70-79,7335,26371
SIC,Sicilia,80+,4085,10678
TOS,Toscana,05-11,59846,16
TOS,Toscana,12-19,19483,48182
TOS,Toscana,20-29,10534,61999
TOS,Toscana,30-39,16283,67404
TOS,Toscana,40-49,24009,83543
TOS,Toscana,50-59,22401,72678
TOS,Toscana,60-69,10285,43215
TOS,Toscana,70-79,4445,31025
TOS,Toscana,80+,2179,6311
UMB,Umbria,05-11,16061,0
UMB,Umbria,12-19,5201,11875
UMB,Umbria,20-29,2453,14014
UMB,Umbria,30-39,3864,16827
UMB,Umbria,40-49,5090,19854
UMB,Umbria,50-59,4374,15781
UMB,Umbria,60-69,1955,9881
UMB,Umbria,70-79,842,8263
UMB,Umbria,80+,612,2460
VDA,Valle d'Aosta,05-11,906,0
VDA,Valle d'Aosta,12-19,976,805
VDA,Valle d'Aosta,20-29,578,1262
VDA,Valle d'Aosta,30-39,865,1345
VDA,Valle d'Aosta,40-49,1328,1395
VDA,Valle d'Aosta,50-59,1205,1227
VDA,Valle d'Aosta,60-69,550,806
VDA,Valle d'Aosta,70-79,215,424
VDA,Valle d'Aosta,80+,96,144
VEN,Veneto,05-11,85300,11
VEN,Veneto,12-19,40062,54688
VEN,Veneto,20-29,24220,83698
VEN,Veneto,30-39,34952,85729
VEN,Veneto,40-49,51109,93212
VEN,Veneto,50-59,49405,79272
VEN,Veneto,60-69,21389,46625
VEN,Veneto,70-79,7916,32464
VEN,Veneto,80+,3720,13043
