area,nome_area,totale_popolazione
ABR,Abruzzo,20000
BAS,Basilicata,20000
CAL,Calabria,38000
CAM,Campania,51905
EMR,Emilia-Romagna,80000
FVG,Friuli-Venezia Giulia,2360
LAZ,Lazio,75000
LIG,Liguria,34662
LOM,Lombardia,134359
MAR,Marche,63098
MOL,Molise,8893
PAB,P.A. Bolzano,5240
PAT,P.A. Trento,8500
PIE,Piemonte,52911
PUG,Puglia,155641
SAR,Sardegna,15000
SIC,Sicilia,90000
TOS,Toscana,45000
UMB,Umbria,10922
VDA,Valle d'Aosta,14027
VEN,Veneto,72151
